Sender,Addressee,Source
Al Ackerman,John M. Bennett,B
Matteo Cagnola,John M. Bennett,B
Anna Boschi,John M. Bennett,B
Institute of Fatuous Research,John M. Bennett,B
Franceso Vidal,John M. Bennett,B
FaGaGaGa,John M. Bennett,B
Delux,John M. Bennett,B
Nunzio,John M. Bennett,B
Maggot-Factory,John M. Bennett,B
Wall-Ter,John M. Bennett,B
Nancy Griswold,Sticker Dude,B
FaGaGaGa,John M. Bennett,B
Haddock,John M. Bennett,B
A. 1. Waste Paper Co. Ltd.,John M. Bennett,B
Societe anonyme,Luce Fierens,B
Anja V. D. Wege,Daniel Mark Graham,B
Josef Hampl,Luce Fierens,B
Chelsea Warren,Michael Basinski,B
Ever Arts,Luce Fierens,B
Michal Graczyk,Luce Fierens,B
Gene Elder,Daniel Mark Graham,B
Ficus Strangulensis,Daniel Mark Graham,B
Robin Crozier,Luce Fierens,B
Geert de Decker,Luce Fierens,B
FaGaGaGa,Luce Fierens,B
Carlos Montes de Oca,Luce Fierens,B
John Hopkins,Luce Fierens,B
Ira Director,Luce Fierens,B
Konrad,Luce Fierens,B
Ira Director,Luce Fierens,B
Luce Fierens,Gerard Barbot,B
Josiane Dufault,Sticker Dude,B
Luce Fierens,Sylvain Houcke,B
FaGaGaGa,Luce Fierens,B
FaGaGaGa,Luce Fierens,B
V. Racer,Luce Fierens,B
Simon Baudhuin,Luce Fierens,B
Linda Winnes,Luce Fierens,B
Michael Fox,Luce Fierens,B
V. Hamann,Luce Fierens,B
V. Hamann,Michael Basinski,B
Philippe Roussel,Sticker Dude,B
Sticker Dude,Michael Basinski,B
Jose Vanderbroucke,Luce Fierens,B
Hubadubarubba,Sticker Dude,B
Carlo Pittore,Luce Fierens,B
Ficus Strangulensis,Baron,B
Vittore Baroni,John M. Bennett,B
Geza Perneczky,Luce Fierens,B
A. 1. Waste Paper Co. Ltd.,Luce Fierens,B
CrackerJack Kid,Luce Fierens,B
Takayo,Luce Fierens,B
Kathleen Cherry,Sticker Dude,B
A. 1. Waste Paper Co. Ltd.,John M. Bennett,B
Ficus Strangulensis,Baron,B
Takayo,Luce Fierens,B
John Held Jr.,Luce Fierens,B
Ficus Strangulensis,Baron,B
Eve Champagne,Sticker Dude,B
Ficus Strangulensis,Baron,B
Katia Racine,Sticker Dude,B
Doc Vinci,Baron,B
Frederic Decary,Sticker Dude,B
Sebastien Bouthot,Sticker Dude,B
Ficus Strangulensis,Baron,B
J. Michael Mollohan,Michael Basinski,B
Marie-Josee Silvaggio,Sticker Dude,B
Catherine Massoures,Sticker Dude,B
Ryosuke Cohen,Baron,B
Amelia Etlinger,Eric J. Carpenter,B
Amelia Etlinger,Karl C. Gay,B
Amelia Etlinger,Eric J. Carpenter,B
Amelia Etlinger,Karl C. Gay,B
Amelia Etlinger,Robert J. Bertholf,B
Amelia Etlinger,Sticker Dude,B
Amelia Etlinger,Karl C. Gay,B
Amelia Etlinger,Karl C. Gay,B
Amelia Etlinger,Karl C. Gay,B
Amelia Etlinger,Karl C. Gay,B
Amelia Etlinger,Karl C. Gay,B
Amelia Etlinger,Karl C. Gay,B
Amelia Etlinger,Karl C. Gay,B
Amelia Etlinger,Karl C. Gay,B
Amelia Etlinger,Karl C. Gay,B
Ingrid Swine,Luce Fierens,B
M. Chevrette,Sticker Dude,B
Wall-Ter,John M. Bennett,B
Ficus Strangulensis,Baron,B
Ficus Strangulensis,Vittore Baroni,B
Amelia Etlinger,Karl C. Gay,B
Ragged Edge Press,Sticker Dude,B
Perpetual Motion,Luce Fierens,B
Ombre de l'erreur,Luce Fierens,B
Don Morgan,John M. Bennett,B
Don Morgan,John M. Bennett,B
Anastasia Anesthesia,John M. Bennett,B
DPH,John M. Bennett,B
Mumbles,John M. Bennett,B
Amelia Etlinger,Karl C. Gay,B
Mumbles,John M. Bennett,B
Rocola,John M. Bennett,B
Mumbles,John M. Bennett,B
Mumbles,John M. Bennett,B
Mumbles,John M. Bennett,B
CrackerJack Kid,Daniel Mark Graham,B
Carlo Pittore,Daniel Mark Graham,B
Rochelle Thompson,Daniel Mark Graham,B
Carlo Pittore,Daniel Mark Graham,B
Rochelle Thompson,Daniel Mark Graham,B
Amelia Etlinger,Karl C. Gay,B
Carlo Pittore,Daniel Mark Graham,B
Gene Elder,Daniel Mark Graham,B
Gene Elder,Daniel Mark Graham,B
Carlo Pittore,Daniel Mark Graham,B
Rochelle Thompson,Daniel Mark Graham,B
H. R. Fricker (Hans-Ruedi),Daniel Mark Graham,B
Bill Fornof,Daniel Mark Graham,B
Carlo Pittore,Daniel Mark Graham,B
H. R. Fricker (Hans-Ruedi),Daniel Mark Graham,B
Zav Albatroz,Sticker Dude,B
Carlo Pittore,Daniel Mark Graham,B
Carlo Pittore,Daniel Mark Graham,B
Carlo Pittore,Daniel Mark Graham,B
Haddock,Baron,B
State of Being,Baron,B
Haddock,Baron,B
Paghat the Ratgirl,Baron,B
Haddock,Baron,B
Dopesick SF,Baron,B
Dopesick SF,Sticker Dude,B
BoscoGraphix,Baron,B
Ficus Strangulensis,Baron,B
Ficus Strangulensis,Baron,B
Cornpuff,John M. Bennett,B
Cornpuff,John M. Bennett,B
Cornpuff,John M. Bennett,B
Cornpuff,John M. Bennett,B
Cornpuff,John M. Bennett,B
Cornpuff,John M. Bennett,B
Rochelle Thompson,Daniel Mark Graham,B
Elaine Gossamer,Sticker Dude,B
Midnight,Daniel Mark Graham,B
B. J. Tisa,Daniel Mark Graham,B
Rochelle Thompson,Daniel Mark Graham,B
K. Champlin,Daniel Mark Graham,B
Rochelle Thompson,Daniel Mark Graham,B
CrackerJack Kid,Daniel Mark Graham,B
Rochelle Thompson,Daniel Mark Graham,B
Arturo Giuseppe Fallico,John M. Bennett,B
Nicol A. Kostic,John M. Bennett,B
David Forcier,Sticker Dude,B
Genevieve Garneau,Sticker Dude,B